{
  "candidate": "star_safe_blend",
  "chosen_oof_balanced_accuracy": 0.9662339484478014,
  "delta_vs_reference": 0.00030896682870407144,
  "multipliers": [
    0.8,
    1.1,
    1.15
  ],
  "per_class_recall": {
    "GALAXY": 0.9545883225601356,
    "QSO": 0.9753378349538598,
    "STAR": 0.9687756878294086
  },
  "per_class_recall_delta": {
    "GALAXY": -0.002378933983257392,
    "QSO": 0.003414629982158579,
    "STAR": -0.00010879551278952793
  },
  "reference_oof_balanced_accuracy": 0.9659249816190973,
  "reference_per_class_recall": {
    "GALAXY": 0.956967256543393,
    "QSO": 0.9719232049717013,
    "STAR": 0.9688844833421981
  },
  "selection_rationale": "Chosen from OOF grid constrained to preserve STAR recall relative to 03_final after 04_ensemble regressed on the public leaderboard.",
  "submission_path": "submissions/06_star_safe_blend.csv",
  "timestamp_utc": "2026-06-04T17:19:43Z",
  "weights": {
    "lgbm_seed_average_final": 0.6,
    "xgboost": 0.4
  }
}
