{
  "blend_multipliers": [
    0.6,
    1.0,
    1.35
  ],
  "blend_per_class_recall": {
    "GALAXY": 0.958381901027869,
    "QSO": 0.9751585668797965,
    "STAR": 0.9736714859049369
  },
  "blend_tuned_oof": 0.9690706512708674,
  "blend_weight_residual": 0.0,
  "cluster_sizes": [
    512,
    2048,
    8192
  ],
  "confusion_matrix": [
    [
      361770,
      5322,
      10388
    ],
    [
      1754,
      114233,
      1156
    ],
    [
      1851,
      327,
      80546
    ]
  ],
  "fold_seed": 2037,
  "graph_ks": [
    10,
    25,
    50,
    100,
    250
  ],
  "incumbent_oof": 0.9690706512708674,
  "params": {
    "bagging_fraction": 0.88,
    "bagging_freq": 1,
    "class_weight": "balanced",
    "feature_fraction": 0.82,
    "lambda_l2": 2.0,
    "learning_rate": 0.03,
    "min_child_samples": 40,
    "n_estimators": 1100,
    "n_jobs": -1,
    "num_leaves": 47,
    "objective": "multiclass",
    "verbosity": -1
  },
  "residual_multipliers": [
    0.65,
    0.85,
    1.05
  ],
  "residual_tuned_oof": 0.9683772385052576,
  "submission_path": "/Users/linrichuang/Github/predicting_stellar_class/submissions/17_transductive_spatial.csv",
  "timestamp_utc": "2026-06-05T00:31:34Z"
}
